id,period ,front,back,detail,photography studio,location,city,country,date,message transcription,description,themes,person/subject,detail,time,building (name),tags,similarity_id,priority,format,material
00001,1950 - 1960,,,,"Foto Venüs
Jean Legart","Strada Uranus, 23 ",Bükreş,Romanya,,"Femiker Torajar
Com. Pogoaneles Ward
Mars
Zud- Buzau

Buza, Romanya","""Bucuresti
Aștern spre neuitare fotografia noastră: Familia Tupercsay""

Bükreş
Ailemizle olan fotoğrafımızı unutulmaz kılmak için yayımlıyorum
Tupercsay Ailesi

*astern* kelimesinden emin değilim o kelimeyitam okuyamadım",,,,,,,,,,
00002,1950 - 1960,,,,Photo Graphie Garo,"54, Avenne Jean-Jaures",Decines,Fransa,,"Photo Graphie Garo
54,Avenne Jean-Jaures
Decines (Rhône), France",,,,,,,,,,,
00003,1950 - 1960,,,,N.G. Manorian Silistra,,,Bulgaristan,,,,,,,,,,,,,
00004,1950 - 1960,,,"İzmir'e, Isaac Leon'a gönderilmiş",Sami&Sahag,"51,Eld Saad Zaghoul,
Alexandrie",İskenderiye,Mısır,,"Souvenir affectueuse de vos chers Emilie Bension (Size sevgi dolu bir hatıra, Emilie Bension)",,,,,,,,,,,
00005,1950 - 1960,,,LOCATION: Princess Mary Avenue (which today is called Rehov Shlomzion Hamalka) https://www.jpost.com/local-israel/in-jerusalem/carl-marx-in-das-kapital-yes-the-lamp-shop,Photo - Studio ERÖS,"Princess Mary, 15",,İsrail,25 Nisan 1954,25-4-54 Un çiko rekordo i Suvenir de vuestros keridas subrines Edheyre e Yeşua i el kerido Rahamim,,,,,,,,,,,
00006,1950 - 1960,,,,"Foto Studio Moderno
Spiridione Dragonetti","Duca Degli Abruzzi No:15-14-16
Rodi (Egeo) 
İtalya yönetimindeki Rodos 
",Rodos,İtalya,-,,,,,,,,,,,,
00007,1950 - 1960,,,,Foto Radar / A.Pachos,,Rodos,İtalya,,,,,,,,,,,,,
00008,1950 - 1960,,,Yazı Sırpça,"ФОТО УМЕТНОСТЕМЕЛКО (Photo Art)
М. БАДЧИКОВСК 

PHOTO ART OF MELKO (FOTO UMETNOSTEMELKO)

",М Тито 118 A,,"Bulgaristan ?
Yugoslavya ?",,ФОТО „УМЕТНОСТЕМЕЛКО М. БАДЧИКОВСК М Тито 118 A,,,,,,,,,,,
00009,1950 - 1960,,,"Unifoto: https://www.muzeuldefotografie.ro/2009/03/amintiri-din-41/

Regala: Royal demekmiş; stüdyonun kraliyet binasının olduğu bulvarda yer aldığını anlıyoruz, linkteki metni çevirip okuduğumuzda. Birkaç tane str. Regala vardı haritada. Bükreş Str Regala'da olduğu sonucuna vardım stüdyonun.",Unifoto W. Wells,"Strada Regalâ, 19",Bükreş,Romanya,,,,,,,,,,,,,
00010,1950 - 1960,,,"https://www.merriam-webster.com/grammar/differences-between-censor-and-censure#:~:text=To%20'censor'%20means%20to%20remove,with%20and%20criticize%20as%20blameworthy.%22",,,,,,"Stamp: Censure
P.O. Depot",Kınama Damgası - Posta Ofisi Deposu,,,,,,,,,,
00011,1950 - 1960,,,Printed on Agfa Brovira paper,Photo Rahn,,,,,,,,,,,,,,,,
00012,1950 - 1960,,,,Foto Jonah,,Trablus,Libya,19 Ağustos 1948,,,,,,,,,,,,
00013,1950 - 1960,,,,"Studio D'Arte
Cav. R. Bazzoni","Via Roma, 27
Tel: 28021",Verona,İtalya,,,,,,,,,,,,,
00014,1950 - 1960,,,"https://evrakcm.gov.ct.tr/siteler/gazeteler/istiklal/1950/Ağustos/17agustos1950-istiklal.pdf
",Vavlitis Studio,"Onasagoras, 52",Lefkoşa,Kıbrıs,24 Aralık 1950,"Kardeşim Asuman'a, kardeşi Cazibe'den",,,,,,,,,,,
00015,1950 - 1960,,,,Anonim,,,,,,,,,,,,,,,,
00016,1910 - 1920,,,,Photo Virgot,,Ermont,Fransa,6.1918,"Juin, 1918 (Fransızca) Haziran 1918",,,,,,,,,,,
00017,1920 - 1930,,,,Anonim,,,,1926,Souvenir affectueuse (Sevgi dolu bir hatıra). Antoinette D'Oriano,,,,,,,,,,,
00018,1920 - 1930,,,,,Mapkoy?,Atina,Yunanistan,1929,Ta…..?,,,,,,,,,,,
00019,1920 - 1930,,,G. Zoulis,Photo Helios,,Kahire,Mısır,25.01.1929,,,,,,,,,,,,
00020,1930 - 1940,,,Tripoli d’Africa Libya,Fotografia Vitt Genah,"Suk El Muscir, 44",Trablus,Libya,16.2.1934,Maman (Annem),,,,,,,,,,,
00021,1930 - 1940,,,,Foto Moleni,Ploiesti,Prahova,Romanya,12.1.1936,,,,,,,,,,,,
00022,1940 - 1950,,,,Photo Misea,,Selanik,Yunanistan,12.7.1945,metin okunamadı,,,,,,,,,,,
00023,1940 - 1950,,,,Foto Luigi Gianelli,,Reggio Emilia,İtalya,7.8.1947,"Vellait tim Adil Lekes per Kujtim nga emigrasioni yne politike po ja dhuroj kete fotografi me shune mallè e dashurin Xhemil Leko. (Arnavutça) Kardeşim Adil Leko'ya, siyasi göçümüzün bir hatırlatıcısı olarak, sevgili Xhemil Leko'yla olan bu fotoğrafımı armağan ediyorum.",,,,,,,,,,,
00024,1930 - 1940,,,,Foto Royal,"Bulevardul Regina Elisabeta, Bucuresti",Bükreş,Romanya,,"Auriçe Verevcu (bu metni çeviremedim, fotoğraftaki kadının adı olabilir mi? (BB) Ben Avrica diye okudum, muhtemelen isim, böyle bir örnek gördüm (MB)",,,,,,,,,,,
00025,1930 - 1940,,,"
",Photo Nicolas Papazoglou,,Kahire,Mısır,,"Popós lous ag. duious -usulüne uygun-
Puröjar us Bapbapin gia urDiperor.
Avidlo jos ai Şogur(?)",,,,,,,,,,,
00026,1930 - 1940,,,,Studio Phebus,Rue Poissoniere,"Paris
",Fransa,,,,,,,,,,,,,
00027,1930 - 1940,,,,,,San Martin,Arjantin,,,,,,,,,,,,,
00028,1950 - 1960,,,,Photo Alhambra,,Selanik,Yunanistan,,,,,,,,,,,,,
00029,1950 - 1960,,,İbranice damga,Photo Studio Zion,Cinema Building,Koln,Almanya,18.12.1950,"Suvenir para mis keridos laora kesta mendando el haham la kituba (Ladino)
Sevgili Laura Kesta'nın haham kituba'yı tamir etmesi için hatıra",,,,,,,,,,,
00030,1950 - 1960,,,,,,,İsrail,16.8.1950,"Suvenir deta a para la kerida tante i onkle (Ladino). Gila Sinisolo, Johak Kohea, Jerusalem
Sevgili tante i onkel(?) için hatıra",,,,,,,,,,,
00031,1930 - 1940,,,,Studio Mayor,"
St. Rue Louice Michin
Paris-Levallois Er. 03.09",Paris,Fransa,,,,,,,,,,,,,
00032,1910 - 1920,,,,R.Lieblich,Fürstenstrasse No: 58 Roustchouk ,Rusçuk,Bulgaristan,,,,,,,,,,,,,
00033,1910 - 1920,,,,Chr. Nielsen Fotograf - Constanta,,Köstence,Romanya,,,,,,,,,,,,,
00034,1910 - 1920,,,,Ev.Eggert jn. Water Kaufmann,Alexanderstr. 6,Riga,Letonya,2.1914,"Vorwarts mit frischem Mut... Lassen Sie, liebe Toni, dies Iht Motto sein!! Herzlich bin ich İhr Onkel. Riga, Februar 1914 (Taze bir cesaretle ilerleyin... Sevgili Toni, sloganın bu olsun!! Amcan. Riga, Şubat 1914)",,,,,,,,,,,
00035,1910 - 1920,,,,Stromeyer & Heyman,Rue Bab el Hadid,Kahire,Mısır,,,,,,,,,,,,,
00036,1910 - 1920,,,,  Mignon Portrait,,,,,,,,,,,,,,,,
00037,1910 - 1920,,,,Portrait Visite,,,,,,,,,,,,,,,,
00038,1910 - 1920,,,"Osmanlı pulu var fotoğraf üzerinde
",Studio Louis,"29 Boulevard, St Martin ",Paris,Fransa,,Margueritte,,,,,,,,,,,
00039,1910 - 1920,,,,La Fayette Ltd.,"London, Dublin, Manchester, Belfast - England&Ireland",,,,,,,,,,,,,,,
00040,1910 - 1920,,,,Cabinet Portrait,,,,,,,,,,,,,,,,
00041,1910 - 1920,,,"Peçeli / Orta doğu
Sağ alttaki damga okunamadı",,,,,,,,,,,,,,,,,
00042,1920 - 1930,,,,Anonim,,,,,Beauty Woman?,,,,,,,,,,,
00043,1930 - 1940,,,,Çulluzade Biraderler,Karşıyaka,İzmir,Türkiye,1930'lar,Fotoğrafta yer alan Osmanlıca metin okunamadı,,,,,,,,,,,
00044,1930 - 1940,,,,S.Dragonetti Sanatkar Fotoğrafhanesi,,İzmir,Türkiye,27.02.1932,"Evlilik hayatımızın yedinci 
senei devriyesi hatıratından
sevgili kardaşlarımıza
takdimimdir.
Cemil",,,,,,,,,,,
00045,1920 - 1930,,,,Hamza Rüstem Fotoğrafhanesi,,İzmir,Türkiye,,,,,,,,,,,,,
00046,1930 - 1940,,,,Foto Yıldız,Karşıyaka ,İzmir,Türkiye,17.06.1934,Canım Kardeşime,,,,,,,,,,,
00047,1930 - 1940,,,,Foto Turan,,İstanbul,Türkiye,,,,,Çift,,,,,,,,
00048,1940 - 1950,,,,Anonim,,,,,,,,,,,,,,,,
00049,1930 - 1940,,,,Anonim,,,,,,,,,,,,,,,,
00050,1920 - 1930,,,,Anonim,,,,,,,,,,,,,,,,
00051,1920 - 1930,,,,Anonim,,,,,,,,,,,,,,,,
00052,1920 - 1930,,,,Anonim,,,,,,,,,,,,,,,,
00054,1920 - 1930,,,,Anonim,,,,,,,,,,,,,,,,
00055,1920 - 1930,,,,Anonim,,,,,,,,,,,,,,,,
00056,1920 - 1930,,,,Foto Resna ,,,,,,,,,,,,,,,,
00057,1930 - 1940,,,,,,,,,,,,,,,,,,,,
00058,1930 - 1940,,,,,,,,,,,,,,,,,,,,
00059,1950 - 1960,,,,,,,,,,,,,,,,,,,,
00060,1940 - 1950,,,,Foto Osman,,,Türkiye,,,,,,,,,,,,,
00061,1930 - 1940,,,,,,,,,,,,,,,,,,,,
00062,1920 - 1930,,,,Hamza Rüstem Fotoğrafhanesi,Rue Emirler Zade Smyrne,İzmir,Türkiye,,,,,,,,,,,,,
00063,1940 - 1950,,,,,,,Türkiye,,,,,,,,,,,,,
00064,1930 - 1940,,,,,,,,,,,,,,,,,,,,
00065,1930 - 1940,,,,,,,,,,,,,,,,,,,,
00066,1940 - 1950,,,,,,,,,,,,,,,,,,,,
00067,1920 - 1930,,,,S.Dragonetti&M.Sergio,,İzmir,Türkiye,,,,,,,,,,,,,
00069,1920 - 1930,,,,izmir zafer fotoğrafhanesi - Fazıl Berki,,İzmir,Türkiye,,"






""masadan? musa muhammed adel?""",erkek portre-iskender,,,,,,,,,,
00070,1930 - 1940,,,,Foto Resne,,,,,,,,,,,,,,,,
00071,Geç Osmanlı,,,İzmir Askeri Kışla,Foto Cemal,,,,,,,,,,,,,,,,
00072,1910 - 1920,,,,,,,,1900,,,,,,,,,,,,
00073,1910 - 1920,,,,Anonim,,İzmir,Türkiye,11.1.1916,"A mon cher Kénan - Souvenir éternel, ton amie Hélene - Sevgili Kenanıma sonsuz bir hatıra, arkadaşın Hélene",,,,,,,,,,,
00074,1910 - 1920,,,Baba ve Çocukları,N. S. Athanassiades,"Rue Franque, Smyrne",İzmir,Türkiye,,"
قرراتم محب و جدام
باش اقدام مرض
farsça
The ceremony of Muhammad and Urmia
Gratitude and love/",,,,,,,,,,,
00075,1920 - 1930,,,,,,,,,,,,,,,,,,,,
00076,1920 - 1930,,,,,,,,,,,,,,,,,,,,
00077,1920 - 1930,,,,,,,,,,,,,,,,,,,,
00078,1920 - 1930,,,,,,,,,,,,,,,,,,,,
00079,1920 - 1930,,,,,,,,,,,,,,,,,,,,
00080,1920 - 1930,,,,,,,,,,,,,,,,,,,,
00081,1930 - 1940,,,,Ece Portre,,,,16.11.1934,Keriman Halis (imzalı) Yeni Yol gazetesine,,,,,,,,,,,
00082,1920 - 1930,,,,,,,,,,,,,,,,,,,,
00083,1920 - 1930,,,,,,,,,,,,,,,,,,,,
00084, Kent,,,Anıt Açılış - İsmet İnönü,,,İzmir,Türkiye,03.03.1932,İzmir Gazi Heykeli ilk açılışında. (3-3-1932 tarihinde açılmıştır.),,,,,,,,,,,
00085, Kent,,,,Foto Cemal,Basmane İstasyonu,İzmir,Türkiye,,,,,,,,,,,,,
00086, Kent,,,Atatürk Anıtı Genel Çekim,,,İzmir,Türkiye,,,,,,,,,,,,,
00087, Kent,,,,,,İzmir,Türkiye,27.07.1932,"Cumhuriyet Meydanı Atatürk Heykeli Açılış
Heykelin açılış töreni 27 Temmuz 1932'de gerçekleşmiş (Kaynak: Helkeltraş Pietro Canonica - Villa Borghese Arşivi)",,,,,,,,,,,
00088, Kent,,,,Foto Cemal,,İzmir,Türkiye,,,,,,,,,,,,,
00089, Kent,,,,Foto Resne,,İzmir,Türkiye,,,,,,,,,,,,,
00090, Kent,,,,Foto Cemal,,İzmir,Türkiye,,,,,,,,,,,,,
00091, Kent,,,,,Karşıyaka,İzmir,Türkiye,,,,,,,,,,,,,
00092, Kent,,,,Nuri Hamza Rüstem,,İzmir,Türkiye,,,Fuar İzmir,,,,,,,,,,
00093, Kent,,,,Rubellin,,İzmir,Türkiye,1890,,,,,,,,,,,,
00094, Kent,,,,Turim Ajans Turan,,İzmir,Türkiye,,,,,,,,,,,,,
00095,Anadolu Stüdyoları,,,,Fevzi Yüce Foto,Nazilli,Aydın,Türkiye,,Sevgili arkadaşımla ölmes (ölmez) bir hatıradır,,,,,,,,,,,
00096,Anadolu Stüdyoları,,,,Foto Aile - Ahmer Mahir,"Saman Pazarı, Altındağ",Ankara,Türkiye,22.03.1935,Hemşiremiz Bayan Rahmiye ve B.... Hastanesine (?) sevgi ve samimiyetimizin bir hatırası olarak kabul buyurunuz. Ablam A. Hikmet Hadiye,,,,,,,,,,,
00097,Anadolu Stüdyoları,,,,Foto Aile,,Ankara,Türkiye,03.10.1943,Sevgili ablamızla eniştemize nikah günümüzün bir hatırası,,,,,,,,,,,
00098,Anadolu Stüdyoları,,,,Foto Ar - Abdurrahman,,Ankara,Türkiye,,,,,,,,,,,,,
00099,Anadolu Stüdyoları,,,,Foto Arsel,,Ankara,Türkiye,31.01.1949,,,,,,,,,,,,
00100,Anadolu Stüdyoları,,,,Foto Bella,,Ankara,Türkiye,,,,,,,,,,,,,
00101,Anadolu Stüdyoları,,,,Foto Ekrem Dilsiz,Nazilli,Aydın,Türkiye,,,,,,,,,,,,,
00102,Anadolu Stüdyoları,,,,Foto Etem,,Ankara,Türkiye,1940,En büyük dostuma,,,,,,,,,,,
00103,Anadolu Stüdyoları,,,,Foto Halit Tezer,,Aydın,Türkiye,,,,,,,,,,,,,
00104,Anadolu Stüdyoları,,,,Foto Halit Tezer,,Aydın,Türkiye,12.12.1947,Sevgi ve saygılarımla,,,,,,,,,,,
00105,Anadolu Stüdyoları,,,,Foto Işık,Antalya İnönü İlkokulu,Antalya,Türkiye,07.05.1961,Antalya İnönü İlkokulu Birinci Sınıf 497 İlhan Akhunla 1-D,,,,,,,,,,,
00106,Anadolu Stüdyoları,,,,Foto Lale,,Antalya,Türkiye,,,,,,,,,,,,,
00107,Anadolu Stüdyoları,,,,Foto Ulus,,Antakya,Türkiye,,,,,,,,,,,,,
00108,Anadolu Stüdyoları,,,,Foto Moda - Niyazi,,Adana,Türkiye,,,,,,,,,,,,,
00109,Anadolu Stüdyoları,,,,Foto Murat,,Adana,Türkiye,,,,,,,,,,,,,
00110,Anadolu Stüdyoları,,,,Foto Osman,,Ankara,Türkiye,24.10.1952,Muhterem Annem ve Babam'a yirmi beş yaş hatıram. Ellerinizden öperim. Evladınız. Ö. Baltaş,,,,,,,,,,,
00111,Anadolu Stüdyoları,,,,Foto Park,Nazilli,Aydın,Türkiye,21.10.1960,Sevgi ve hürmetle ellerinizden öperiz,,,,,,,,,,,
00112,Anadolu Stüdyoları,,,,Foto Park,Nazilli,Aydın,Türkiye,18.09.1954,,,,,,,,,,,,
00113,Anadolu Stüdyoları,,,,Foto Sabah,,Adana,Türkiye,,,,,,,,,,,,,
00114,Anadolu Stüdyoları,,,,Foto Saray,,Ankara,Türkiye,,Kardeşim Şahsinanım. Uzaklara gittik dye unutulduğunuzu zannetmeyin. İşte her bayramki gibi yine ziyaretine geldik. Hepimiz ayrı ayrı selam eder bayramınızı kutlarız. Sizi candan seven kardeşiniz Hilmiye,,,,,,,,,,,
00115,Anadolu Stüdyoları,,,,Foto Tan,,Adapazarı,Türkiye,29.03.1940,"Ablacığım, 1940 senesine girerken en samimi arkadaşlarımdan Namıkla (?) çektirmiş olduğumuz resimden bir de size gönderir ve sizinde sıhhatte olmanızı temenni ederim. Kardeşiniz",,,,,,,,,,,
00116,Anadolu Stüdyoları,,,,Foto Tayfur,Yenişehir,Ankara,Türkiye,07.06.1935,,,,,,,,,,,,
00117,Anadolu Stüdyoları,,,,Foto Türk,,Antalya,Türkiye,20.01.1934,,,,,,,,,,,,
00118,Anadolu Stüdyoları,,,,Gör Çek - Foto Üstün,,Ankara,Türkiye,,,,,,,,,,,,,
00119,Anadolu Stüdyoları,,,,Foto Yıldız Kardeşler,,Adana,Türkiye,16.03.1955,Öğretmen okullarının kuruluş gününden bir hatıra,,,,,,,,,,,
00120,Anadolu Stüdyoları,,,,Foto Murat,,Adana,Türkiye,08.03.1960,"Candan sevgili anneciğimize cansız bir hayalimiz - Erdoğan, Sacide",,,,,,,,,,,
00121,Anadolu Stüdyoları,,,,Foto Murat,,Adana,Türkiye,,,,,,,,,,,,,
00122,Anadolu Stüdyoları,,,,Foto Murat,,Adana,Türkiye,,,,,,,,,,,,,
00123,Anadolu Stüdyoları,,,,Foto Coşkun,,Bartın,Türkiye,,,,,,,,,,,,,
00124,Anadolu Stüdyoları,,,,Foto Ege,Edremit,Balıkesir,Türkiye,,,,,,,,,,,,,
00125,Anadolu Stüdyoları,,,,Foto Emek,,Balıkesir,Türkiye,12.05.1948,,,,,,,,,,,,
00126,Anadolu Stüdyoları,,,,Foto Emek,,Balıkesir,Türkiye,,,,,,,,,,,,,
00127,Anadolu Stüdyoları,,,,Foto Emek - Mehmet Terzioğlu,Edremit,Balıkesir,Türkiye,7.1964,,,,,,,,,,,,
00128,Anadolu Stüdyoları,,,,Foto Ferruh,,Bilecik,Türkiye,,,,,,,,,,,,,
00129,Anadolu Stüdyoları,,,,Foto Hilal,Bandırma,Balıkesir,Türkiye,1954,,,,,,,,,,,,
00130,Anadolu Stüdyoları,,,,Foto Refik,,Balıkesir,Türkiye,30.07.1948,Saffet Beylere bir hatıra - Bay Osman,,,,,,,,,,,
00131,Anadolu Stüdyoları,,,,Foto Refik,,Balıkesir,Türkiye,,,,,,,,,,,,,
00132,Anadolu Stüdyoları,,,,Foto Refik,,Balıkesir,Türkiye,,,,,,,,,,,,,
00133,Anadolu Stüdyoları,,,,Foto Rekor - Kemal Kanık,,Burdur,Türkiye,,,,,,,,,,,,,
00134,Anadolu Stüdyoları,,,,Foto Teknik,,Balıkesir,Türkiye,,,,,,,,,,,,,
00135,Anadolu Stüdyoları,,,,Foto Uudağ - Mehmet Açıkyol,,Bursa,Türkiye,,,,,,,,,,,,,
00136,Anadolu Stüdyoları,,,,Stüdyo İlhan,Ayvalık,Balıkesir,Türkiye,,,,,,,,,,,,,
00137,Anadolu Stüdyoları,,,,Foto Bella,,Diyarbakır,Türkiye,,,,,,,,,,,,,
00138,Anadolu Stüdyoları,,,,Foto İzmir,,Denizli,Türkiye,,,,,,,,,,,,,
00139,Anadolu Stüdyoları,,,,Foto Oktay - Nevzat,Pamukkale Ortaokulu,Denizli,Türkiye,29.05.1971,,,,,,,,,,,,
00140,Anadolu Stüdyoları,,,,Foto Park ,,Denizli,Türkiye,,,,,,,,,,,,,
00141,Anadolu Stüdyoları,,,,Foto Park ,,Denizli,Türkiye,18.04.1954,,,,,,,,,,,,
00142,Anadolu Stüdyoları,,,,Foto Venüs,,Denizli,Türkiye,1971,,,,,,,,,,,,
00143,Anadolu Stüdyoları,,,,Foto Venüs,,Denizli,Türkiye,1971,,,,,,,,,,,,
00144,1950 - 1960,,,,Foto Venüs,,Diyarbakır,Türkiye,12.08.1954,,,,,,,,,,,,
00145,Anadolu Stüdyoları,,,,Foto Aile,,Elazığ,Türkiye,,,,,,,,,,,,,
00146,1950 - 1960,,,,Foto Ertuğrul,İstasyon Cad. No:78,Eskişehir,Türkiye,03.06.1954,,,,,,,,,,,,
00147,Anadolu Stüdyoları,,,,Foto İstanbul,,Eskişehir,Türkiye,,,,,,,,,,,,,
00148,Anadolu Stüdyoları,,,,Foto Sümer,,Edirne,Türkiye,,,,,,,,,,,,,
00149,Anadolu Stüdyoları,,,,Hasan Özyaşar - ...... Bozkurt ,Şahitler Caddesi No: 37,Eskişehir,Türkiye,,,,,,,,,,,,,
00150,Anadolu Stüdyoları,,,,Foto İstanbul - İsmail Anılır ,Bankalar Cad. Nesip Hoca Sk. No:10 Bozüyük,Eskişehir,Türkiye,,,,,,,,,,,,,
00151,Anadolu Stüdyoları,,,,Foto İstanbul - Mustafa ......,Köprübaşı Mah. Çakır İş Hanı,Eskişehir,Türkiye,,Kıymetli arkadaşıma bizleri hatırlamaları için,,,,,,,,,,,
00152,Anadolu Stüdyoları,,,,Foto Güneş - Sabri Tuvarlak Renkli Fotoğraf Stüdyosu,Mütercim Asım Cad. No: 48 Kat:1 ,Gaziantep,Türkiye,,,,,,,,,,,,,
00153,Anadolu Stüdyoları,,,,Castell,,İskenderun,Türkiye,01.08.1964,,,,,,,,,,,,
00154,Anadolu Stüdyoları,,,,Akın Fotoğraf Sütüdyosu,,Isparta,Türkiye,06.10.1973,1.Yaş günü,,,,,,,,,,,
00155,Anadolu Stüdyoları,,,,Foto Rekor ,,Isparta,Türkiye,08.08.1970,Zeki Çelik Surat Rüfür?,,,,,,,,,,,
00156,Anadolu Stüdyoları,,,Okul Gösterisi,Foto Rekor ,,Isparta,Türkiye,,,,,,,,,,,,,
00157,Anadolu Stüdyoları,,,Nişan,Foto Esen,,Kocaeli,Türkiye,,,,,,,,,,,,,
00158,Anadolu Stüdyoları,,,,Foto Fahri,,Kocaeli,Türkiye,1943,,,,,,,,,,,,
00159,Anadolu Stüdyoları,,,,Balkaya,,Karabük,Türkiye,,,,,,,,,,,,,
00160,Anadolu Stüdyoları,,,,Bizim Foto - Ali Ekrem,,Kütahya,Türkiye,,,,,,,,,,,,,
00161,Anadolu Stüdyoları,,,,Foto Ankara,,Kütahya,Türkiye,,Acar Ailesine sevgilerimizle...,,,,,,,,,,,
00162,Anadolu Stüdyoları,,,,Foto Behçet,,Konya,Türkiye,,,,,,,,,,,,,
00163,Anadolu Stüdyoları,,,,Foto Işık,,Karabük,Türkiye,04.01.1967,"""Sevgili arkadaşım Alev'e mesut yıllar temennisiyle. 4-12-1968 yıl Songül Kahlının kışının ya oğlaz Ocak ayı.""",,,,,,,,,,,
00164,Anadolu Stüdyoları,,,,Foto Karaayel,,Konya,Türkiye,12.11.1963,"Ağabeyim Ali Ekber Apdi ve Eşime, Eşim Miyase ile çekilmiş resmimi yadigar ediyorum.",,,,,,,,,,,
00165,Anadolu Stüdyoları,,,,Foto Ressam - Recep Emen,,Kırıkkale,Türkiye,,,,,,,,,,,,,
00166,1950 - 1960,,,,Foto Sircan,,Kayseri,Türkiye,15.03.1959,Cici halama saygılarımla,,,,,,,,,,,
00167,1930 - 1940,,,,Foto Zafer - Hayri ve Sait,,Kayseri,Türkiye,09.03.1934,"Çok muhterem enişteme çocukluğumuza ait ebedi bir hatıra. Kızımız Ayten, Zuhal, Muzaffer",,,,,,,,,,,
00168,Anadolu Stüdyoları,,,,Oral Fotoğraf Stüdyosu - Faik Oral,,Karabük,Türkiye,05.05.1964,Albayrak Ailesine Sevgilerimizle - Şenoğlu Ailesi,,,,,,,,,,,
00169,Anadolu Stüdyoları,,,,Oral Fotoğraf ve Film Stüdyosu,,Karabük,Türkiye,,,,,,,,,,,,,
00170,Anadolu Stüdyoları,,,,Foto Moda,,Malatya,Türkiye,,,,,,,,,,,,,
00171,Anadolu Stüdyoları,,,,Foto Spor,,Malatya,Türkiye,,,,,,,,,,,,,
00172,Anadolu Stüdyoları,,,,Foto Spor,,Malatya,Türkiye,,,,,,,,,,,,,
00173,Anadolu Stüdyoları,,,,Foto Spor,,Malatya,Türkiye,,,,,,,,,,,,,
00174,Anadolu Stüdyoları,,,,Foto Spor,,Malatya,Türkiye,,,,,,,,,,,,,
00175,Anadolu Stüdyoları,,,,Foto Spor,,Malatya,Türkiye,,,,,,,,,,,,,
00176,Anadolu Stüdyoları,,,,Foto Ar - Hasan Oktay,,Manisa,Türkiye,,,,,,,,,,,,,
00177,1920 - 1930,,,,Foto Bayram,Akhisar,Manisa,Türkiye,1926,,,,,,,,,,,,
00178,Anadolu Stüdyoları,,,,Foto Bilsen - Muharrem Ergün,Turan Geçidi No:27 Akhisar,Manisa,Türkiye,,,,,,,,,,,,,
00179,Anadolu Stüdyoları,,,,Foto İstanbul,,Manisa,Türkiye,,".......... Saibe, Ablama nişan günümün hatırası sonsuz sevgiler - H. Songüler",,,,,,,,,,,
00180,Anadolu Stüdyoları,,,,Foto Park - Ahmet Budakçı - Muhittin Demir,M. Kemalpaşa Bul. No: 168/2,Manisa,Türkiye,,Bir yaş on sekiz günlük hatırası,,,,,,,,,,,
00181,1940 - 1950,,,,Foto Raşit Ünverdi,,Manisa,Türkiye,05.05.1940,"Nihalim, kendimi affettirmeye geldim.",,,,,,,,,,,
00182,1950 - 1960,,,,Foto Sanat - Muhittin Demir,Sinema Park Cad. No: 29,Manisa,Türkiye,01.10.1956,Sevgili babaanneme 5 aylık iken oyuncağımla oynarken çekilen bir pozum. - Ender Pehlivanoğlu,,,,,,,,,,,
00183,Anadolu Stüdyoları,,,,Foto Şükrü,Salihli,Manisa,Türkiye,,,,,,,,,,,,,
00184,Anadolu Stüdyoları,,,,Foto Taç - Ahmet,Salihli,Manisa,Türkiye,,Şenay Teyze,,,,,,,,,,,
00185,1930 - 1940,,,,M.Fazıl,Salihli,Manisa,Türkiye,"02.01.1935 (E.)
28.03.1935 (B.)",Beni unutma,,,,,,,,,,,
00186,Anadolu Stüdyoları,,,,M.Fazıl,,Manisa,Türkiye,,,,,,,,,,,,,
00187,1950 - 1960,,,,Foto Yerce,Soma,Manisa,Türkiye,14.04.1957,Sevgili oğluma hepimiz tarafından hatıra olsun. Teyzen.,,,,,,,,,,,
00188,Anadolu Stüdyoları,,,,M.Fazıl,,Manisa,Türkiye,,,,,,,,,,,,,
00189,Anadolu Stüdyoları,,,,Foto Teknik,Salihli,Manisa,Türkiye,,,,,,,,,,,,,
00190,Anadolu Stüdyoları,,,,Foto Baki,Anamur,Mersin,Türkiye,,,,,,,,,,,,,
00191,1950 - 1960,,,,,,Mersin,Türkiye,11.03.1959,,,,,,,,,,,,
00192,1930 - 1940,,,,Anonim,,,Türkiye,1931,,,,,,,,,,,,
00193,1920 - 1930,,,,,,,Türkiye,,,,,,,,,,,,,
00194,1930 - 1940,,,,,,,Türkiye,1931,,,,,,,,,,,,
00195,1930 - 1940,,,,,,,Türkiye,1931,,,,,,,,,,,,
00196,1930 - 1940,,,,,,,Türkiye,1932,,,,,,,,,,,,
00197,1920 - 1930,,,,,,,Türkiye,,,,,,,,,,,,,
00198,1920 - 1930,,,,Anonim,,,Türkiye,,,,,,,,,,,,,
00199,1920 - 1930,,,,Anonim,,,Türkiye,,,,,,,,,,,,,
00201,1950 - 1960,,,,Anonim,,,Türkiye,1951,,,,,,,,,,,,
00202,1930 - 1940,,,,Anonim,,,Türkiye,,,,,,,,,,,,,
00203,1920 - 1930,,,,Anonim,,,Türkiye,,,,,,,,,,,,,
00204,1930 - 1940,,,Erkek Portre,Anonim,,,Türkiye,,,,,,,,,,,,,
00205,1940 - 1950,,,,Anonim,,,Türkiye,,,,,,,,,,,,,
00206,1930 - 1940,,,Kadınlar,Anonim,,,Türkiye,,,,,,,,,,,,,
00207,1920 - 1930,,,şapkalı kadın portre,Anonim,,,Türkiye,1920,,,,,,,,,,,,
00208,1930 - 1940,,,anne&çocuk,Anonim,,,Türkiye,,,,,,,,,,,,,
00209,1930 - 1940,,,baba çocuklar ve fotoğraf,Anonim,,,Türkiye,,,,,,,,,,,,,
00210,1930 - 1940,,,çift nikah,Anonim,,,Türkiye,,,,,,,,,,,,,
00211,1920 - 1930,,,,Anonim,,,Türkiye,,,,,,,,,,,,,
00212,1930 - 1940,,,çullu gemi,,,,Türkiye,,,,,,,,,,,,,
00213,1940 - 1950,,,,Çulluzade Biraderler,Karşıyaka,İzmir,Türkiye,,,,,,,,,,,,,
00214,1940 - 1950,,,,Çulluzade Biraderler,Karşıyaka,İzmir,Türkiye,,,,,,,,,,,,,
00215,1930 - 1940,,,,Çulluzade Biraderler,Karşıyaka,İzmir,Türkiye,,,,,,,,,,,,,
00216,1930 - 1940,,,,Çulluzade Biraderler,Karşıyaka,İzmir,Türkiye,1931,,,,,,,,,,,,
00217,1940 - 1950,,,,Çulluzade Biraderler,Karşıyaka,İzmir,Türkiye,,,,,,,,,,,,,
00218,1930 - 1940,,,,Çulluzade Biraderler,Karşıyaka,İzmir,Türkiye,,,,,,,,,,,,,
00219,1940 - 1950,,,,Çulluzade Biraderler,Karşıyaka,İzmir,Türkiye,,,,,,,,,,,,,
00220,1930 - 1940,,,,,,,Türkiye,,,,,,,,,,,,,
00221,1930 - 1940,,,,,,,Türkiye,,,,,,,,,,,,,
00222,1930 - 1940,,,,Fazıl Berki,,,Türkiye,,,,,,,,,,,,,
00223,1920 - 1930,,,feraceli dört kadın,Anonim,,,Türkiye,,,,,,,,,,,,,
00224,1930 - 1940,,,,Foto Fahrettin,,,Türkiye,,,,,,,,,,,,,
00225,1940 - 1950,,,Kadın Portre,Foto Gagin,,,Türkiye,,,,,,,,,,,,,
00226,1930 - 1940,,,Kutlama,Foto Gagin,,,Türkiye,1933,,,,,,,,,,,,
00227,1950 - 1960,,,,Foto Park,,İzmir,Türkiye,,,,,,,,,,,,,
00228,1930 - 1940,,,,Foto Resne,,İzmir,Türkiye,,,,,,,,,,,,,
00229,1930 - 1940,,,,Foto Resne,Beyler Sokağı,İzmir,Türkiye,,,,,,,,,,,,,
00230,1930 - 1940,,,,Foto Şark,Karşıyaka,İzmir,Türkiye,,,,,,,,,,,,,
00231,1930 - 1940,,,,Foto Şark,Karşıyaka,İzmir,Türkiye,,,,,,,,,,,,,
00232,1920 - 1930,,,,Foto Şark,,,Türkiye,,,,,,,,,,,,,
00233,1930 - 1940,,,,Foto Yıldız,Alsancak,İzmir,Türkiye,,,,,,,,,,,,,
00234,1920 - 1930,,,,Hamza Rüstem,,İzmir,Türkiye,1927,,,,,,,,,,,,
00235,1920 - 1930,,,Erkek boy çekim 18x24,Hamza Rüstem,,,Türkiye,,,,,,,,,,,,,
00236,1930 - 1940,,,Kadın,,,İzmir,Türkiye,,,,,,,,,,,,,
00237,1930 - 1940,,,,,,,Türkiye,,,,,,,,,,,,,
00238,1920 - 1930,,,,Photo Sedad,,İzmir,Türkiye,1929,,,,,,,,,,,,
00241,1910 - 1920,,,Spiro Caligheris - Smyrne,,,,,,,,,,,,,,,,,
00242,1920 - 1930,,,,,,Berlin,Almanya,,,,,,,,,,,,,
00243,Erken Cumhuriyet,,,,,,Samsun,Türkiye,,,,,,,,,,,,,
00244,1920 - 1930,,,,Anonim,,,Türkiye,,,,,,,,,,,,,
00245,1930 - 1940,,,,Anonim,,,Türkiye,,,,,,,,,,,,,
00246,1930 - 1940,,,Nikah Çifti,Anonim,,,Türkiye,1938,,,,,,,,,,,,
00247,1930 - 1940,,,,Anonim,,,Türkiye,,,,,,,,,,,,,
00248,1910 - 1920,,,,Nicos Zographos,Rue Franque Hadji Stam,İzmir,Türkiye,,,,,,,,,,,,,
00249,1930 - 1940,,,"kitaplar, erkek portre",Anonim,,,Türkiye,,,,,,,,,,,,,
00250,1930 - 1940,,,"kız çocuk, at",Anonim,,,Türkiye,,,,,,,,,,,,,
00251,1930 - 1940,,,nikah - ayakta çift,Anonim,,,Türkiye,,,,,,,,,,,,,
00252,1930 - 1940,,,kadın boy - beyaz fon,Anonim,,,Türkiye,,,,,,,,,,,,,
00253,1930 - 1940,,,kadın portre degrade çerçeve,Foto Celal,,,Türkiye,06.06.1931,Bir hatıra,,,,,,,,,,,
00254,Erken Cumhuriyet,,,,Akropol Smyrne,,Izmir,Türkiye,,,,,,,,,,,,,
00255,Erken Cumhuriyet,,,,Bahaeddin Photographic Studio,Candia-Crete-Kandiye- Girit,,Girit,,,,,,,,,,,,,
00256,Erken Cumhuriyet,,,,Photographie l’Agnello,,Izmir,Türkiye,,,,,,,,,,,,,
00257,1900 - 1910,,,,S. Calligeri Freres ,,Izmir,,,,,,,,,,,,,,
00258,Erken Cumhuriyet,,,,Foto Lind,,Izmir,,,,,,,,,,,,,,
00259,1900 - 1910,,,,F. W. Krabow,,İzmir,Türkiye,,,,,,,,,,,,,